{
  "IcoMoonType": "selection",
  "icons": [
    {
      "icon": {
        "paths": [
          "M1154.286 6.286c9.714 6.857 16 18.286 16 30.286v804.571c0 14.857-9.143 28.571-22.857 33.714l-365.714 146.286c-9.143 4-18.286 4-27.429 0l-352-140.571-352 140.571c-4.571 2.286-9.143 2.857-13.714 2.857-7.429 0-14.286-2.286-20.571-6.286-9.714-6.857-16-18.286-16-30.286v-804.571c0-14.857 9.143-28.571 22.857-33.714l365.714-146.286c9.143-4 18.286-4 27.429 0l352 140.571 352-140.571c11.429-4.571 24-3.429 34.286 3.429zM420.571 83.429v725.714l329.143 131.429v-725.714zM73.143 207.429v725.714l310.857-124v-725.714zM1097.143 816.571v-725.714l-310.857 124v725.714z"
        ],
        "width": 1170.2857142857142,
        "attrs": [],
        "isMulticolor": false,
        "isMulticolor2": false,
        "tags": [
          "map-o"
        ],
        "defaultCode": 62072,
        "grid": 14
      },
      "attrs": [],
      "properties": {
        "name": "map",
        "id": 0,
        "order": 11,
        "prevSize": 28
      },
      "setIdx": 0,
      "setId": 4,
      "iconIdx": 0
    },
    {
      "icon": {
        "paths": [
          "M512 310.857v256c0 10.286-8 18.286-18.286 18.286h-182.857c-10.286 0-18.286-8-18.286-18.286v-36.571c0-10.286 8-18.286 18.286-18.286h128v-201.143c0-10.286 8-18.286 18.286-18.286h36.571c10.286 0 18.286 8 18.286 18.286zM749.714 512c0-171.429-139.429-310.857-310.857-310.857s-310.857 139.429-310.857 310.857 139.429 310.857 310.857 310.857 310.857-139.429 310.857-310.857zM877.714 512c0 242.286-196.571 438.857-438.857 438.857s-438.857-196.571-438.857-438.857 196.571-438.857 438.857-438.857 438.857 196.571 438.857 438.857z"
        ],
        "width": 877.7142857142857,
        "attrs": [],
        "isMulticolor": false,
        "isMulticolor2": false,
        "tags": [
          "clock-o"
        ],
        "defaultCode": 61463,
        "grid": 14
      },
      "attrs": [],
      "properties": {
        "name": "clock",
        "id": 26,
        "order": 12,
        "prevSize": 28
      },
      "setIdx": 1,
      "setId": 3,
      "iconIdx": 26
    }
  ],
  "height": 1024,
  "preferences": {
    "showGlyphs": true,
    "showQuickUse": true,
    "showQuickUse2": true,
    "showSVGs": true,
    "fontPref": {
      "prefix": "icon-",
      "metadata": {
        "fontFamily": "icomoon"
      },
      "metrics": {
        "emSize": 1024,
        "baseline": 6.25,
        "whitespace": 50
      },
      "embed": false
    },
    "imagePref": {
      "prefix": "icon-",
      "png": false,
      "useClassSelector": true,
      "color": 0,
      "bgColor": 16777215,
      "classSelector": ".icon",
      "name": "icomoon",
      "height": 32,
      "columns": 16,
      "margin": 16
    },
    "historySize": 50,
    "showCodes": true,
    "gridSize": 16
  }
}